fieldId,trackerId,name,permName,options,type,isMain,isTblVisible,position,isSearchable,isPublic,isHidden,isMandatory,description,isMultilingual,itemChoices,errorMsg,visibleBy,editableBy,descriptionIsParsed,validation,validationParam,validationMessage
281,1,AnoxToxMet. RNM,h1_I3_I5_AnoxiaRNM,"{""options"":[""0=Normal"",""1=Anormal""]}",R,n,n,2100,y,y,n,n,,n,,,,,n,,,
280,1,AnoxToxMet. TAC,h1_I3_I5_AnoxiaTAC,"{""options"":[""0=Normal"",""1=Edema""]}",R,n,n,2090,y,y,n,n,,n,,,,,n,,,
270,1,AnoxToxMet. Anoxia Mioclonias,h1_I2_V_C5_AnoxiaMioclonias,"{""options"":[""0=No"",""1=S\u00ed"",""99=ns\/nc""]}",R,n,n,2070,y,y,n,n,,n,,,,,n,,,
507,1,Otras comorbilidades,otrasComorbilidades,,t,n,n,290,n,y,n,n,,,,,,,n,,,
260,1,AVC isq. Procedimientos,h1_I1_L5_Anoxia,"{""level"":3,""toggle"":""o""}",h,n,n,1600,n,y,n,n,,n,,,,,n,,,
261,1,AnoxToxMet. Tiempo de PCR (min),h1_I1_L5_Anoxiatdeparada,"{""samerow"":1,""size"":5,""prepend"":"""",""append"":"""",""decimals"":0,""dec_point"":""."",""thousands"":"",""}",n,n,n,1980,y,y,n,n,,n,,,,,n,,,
255,1,HSA Nimodipino fecha,h1_I5_P4_HSANimodipinoFecha,"{""datetime"":""dt"",""startyear"":""2001"",""endyear"":""2016"",""blankdate"":""blank""}",f,n,n,1940,y,y,n,n,,n,,,,,n,,,
254,1,HSA Nimodipino,h1_I5_P4_HSANimodipinoCaso,"{""options"":[""0=No"",""1=S\u00ed"",""99=ns\/nc""]}",R,n,n,1930,y,y,n,n,,n,,,,,n,,,
549,1,AnoxToxMet. Hidroelectro Tipo,3AnoxToxMetHidroelectro,"{""options"":[""0=NO"",""1=S\u00cd"",""99=NS\/NC""]}",R,n,n,2010,n,y,n,n,,n,,,,,n,,,
474,1,HSA Emboliz.,hSAEmboliz,"{""options"":[""0=No"",""1=S\u00ed"",""99=ns\/nc""]}",R,n,n,1890,n,y,n,n,,n,,,,,n,,,
251,1,HSA NCX fecha,h1_I5_P4_HSAAneurectomFecha,"{""datetime"":""dt"",""startyear"":""2001"",""endyear"":""2016"",""blankdate"":""blank""}",f,n,n,1920,y,y,n,n,,n,,,,,n,,,
475,1,HSA NCX,hSANCX,"{""options"":[""0=No"",""1=S\u00ed"",""99=ns\/nc""]}",R,n,n,1910,n,y,n,n,,n,,,,,n,,,
233,1,HSA TAC (mm.desv.lm),h1_I3_I4_HSATACmmdesvlm,"{""samerow"":1,""size"":5,""prepend"":"""",""append"":"""",""decimals"":0,""dec_point"":""."",""thousands"":"",""}",n,n,n,1870,y,y,n,n,,n,,,,,n,,,
232,1,HSA TAC (Edema),h1_I3_I4_HSATACEdema,"{""options"":[""0=No"",""1=S\u00ed"",""99=ns\/nc""]}",R,n,n,1860,y,y,n,n,,n,,,,,n,,,
231,1,HSA TAC (aneurisma),h1_I3_I4_HSATACaneurisma,"{""options"":[""0=No"",""1=S\u00ed"",""99=ns\/nc""]}",R,n,n,1850,y,y,n,n,,n,,,,,n,,,
230,1,HSA TAC (FISHER),h1_I3_I4_HSATACFISHER,"{""options"":[""1=Sin sangrado"",""2=Sangre difusa cisternal menor a 1mm"",""3=Co\u00e1gulo grueso cisternal mayor a 1mm"",""4=H. Intrapar\u00e9nquima; HIV"",""5=Otros""]}",d,n,n,1830,y,y,n,n,,n,,,,,n,,,
221,1,HSA HyH (Deterioro48h),h1_I2_V_C4_HSAHyHDeterioroenmenosde24h,"{""options"":[""0=No"",""1=S\u00ed"",""99=ns\/nc""]}",R,n,n,1810,y,y,n,n,,n,,,,,n,,,
210,1,AVC isq. Imagen,h1_I1_Lesion4_HSA,"{""level"":3,""toggle"":""o""}",h,n,n,1510,n,y,n,n,,n,,,,,n,,,
220,1,HSA HUNT_HESS,h1_I2_V_C4_HSAHUNT_HESS,"{""options"":[""0=Aneurisma no roto"",""1=Asintomatico\/leve cefalea\/rigidez"",""2=Cefalea\/rigidez mod severa; Paresia PC"",""3=Somnoliento\/confuso. Focalidad motora leve"",""4=Estuporoso o deficit neurol\u00f3gico mod\/severo."",""5=Coma profundo. Moribundo; con insuficiencia de los centros vitales y rigidez extensora""]}",d,n,n,1800,y,y,n,n,,n,,,,,n,,,
194,1,AVC hem. TAC (mm.desv.lm),h1_I3_I3_AVC_hemorrTACmmdesvlm,"{""samerow"":1,""size"":5,""prepend"":"""",""append"":"""",""decimals"":0,""dec_point"":""."",""thousands"":"",""}",n,n,n,1720,y,y,n,n,,n,,,,,n,,,
478,1,Donante tejidos Fecha,donanteTejidosFecha,"{""datetime"":""dt"",""startyear"":""2001"",""endyear"":""2016"",""blankdate"":""blank""}",f,n,n,2700,n,y,n,n,,n,,,,,n,,,
193,1,AVC hem. TAC Edema,h1_I3_I3_AVC_hemorrTACEdema,"{""options"":[""0=No"",""1=S\u00ed"",""99=ns\/nc""]}",R,n,n,1710,y,y,n,n,,n,,,,,n,,,
191,1,AVC hem. TAC (cont.ventric),h1_I3_I3_AVC_hemorrTACcontventric,"{""options"":[""0=no"",""1=si"",""2=mas de 1"",""99=ns\/nc""]}",R,n,n,1680,y,y,n,n,,n,,,,,n,,,
190,1,TAC volumen lex,h1_I3_I3_AVC_hemorrTACvolumenlex,"{""samerow"":1,""size"":5,""prepend"":"""",""append"":"""",""decimals"":0,""dec_point"":""."",""thousands"":"",""}",n,n,n,1530,y,y,n,n,,n,,,,,n,,,
170,1,AVC isq. Variables Cl<c3><ad>nicas,h1_I1_Lesion3_AVC_hemorr,"{""level"":3,""toggle"":""o""}",h,n,n,1480,n,y,n,n,,n,,,,,n,,,
160,1,AVC isq. Fibrinolisis,h1_I5_P2_AVC_isqFibrinolisis,"{""options"":[""0=no"",""1=EV"",""2=IA"",""3=AMBAS""]}",d,n,n,1610,y,y,n,n,,n,,,,,n,,,
145,1,AVC isq. DTC lugar oclusion,h1_I3_I2_AVC_isqDTClugaroclusion,"{""options"":[""1=tandem"",""2=en T"",""3=en M1"",""4=distal"",""5=Otro""]}",d,n,n,1580,y,y,n,n,,n,,,,,n,,,
143,1,AVC isq. TAC mm desv. lm,h1_I3_I2_AVC_isqTACmmdesvlm,"{""samerow"":1,""size"":5,""prepend"":"""",""append"":"""",""decimals"":0,""dec_point"":""."",""thousands"":"",""}",n,n,n,1570,y,y,n,n,,n,,,,,n,,,
142,1,AVC isq. TAC Edema,h1_I3_I2_AVC_isqTACEdema,"{""options"":[""0=No"",""1=S\u00ed"",""99=ns\/nc""]}",R,n,n,1560,y,y,n,n,,n,,,,,n,,,
141,1,AVC isq. TAC localizacion,h1_I3_I2_AVC_isqTACloc,"{""options"":[""1=ACM"",""2=ACA"",""3=ACP"",""4=VB""],""inputtype"":""m""}",M,n,n,1540,y,y,n,n,,n,,,,,n,,,
140,1,AVC isq. TAC ASPECTS,h1_I3_I2_AVC_isqTACASPECTS,"{""samerow"":1,""size"":5,""prepend"":"""",""append"":"""",""decimals"":0,""dec_point"":""."",""thousands"":"",""}",n,n,n,1520,y,y,n,n,,n,,,,,n,,,
132,1,AVC NIHSS Deterioro antes de 48h,h1_I2_V_C2AVCNIHSSDeter24h,"{""options"":[""0=No"",""1=S\u00ed"",""99=ns\/nc""]}",R,n,n,1500,y,y,n,n,,n,,,,,n,,,
131,1,AVC Isq. TAC lado,h1_I2_V_C2AVCLado,"{""options"":[""0=Derecho"",""1=Izquierdo"",""99=ns\/nc""]}",R,n,n,1550,y,y,n,n,,n,,,,,n,,,
130,1,AVC NIHSS,h1_I2_V_C2AVCNIHSS,"{""samerow"":1,""size"":5,""prepend"":"""",""append"":"""",""decimals"":0,""dec_point"":""."",""thousands"":"",""}",n,n,n,1490,y,y,n,n,,n,,,,,n,,,
122,1,AVC isq. Ictus despertar,h1_I1_Lesion2_AVC_isqictusdespertar,"{""options"":[""0=No"",""1=S\u00ed"",""99=ns\/nc""]}",R,n,n,1450,y,y,n,n,,n,,,,,n,,,
121,1,AVCtiempo inicio sx. hospital,h1_I1_L2_AVC_isqtiniciosxhospital,"{""samerow"":1,""size"":5,""prepend"":"""",""append"":"""",""decimals"":0,""dec_point"":""."",""thousands"":"",""}",n,n,n,1440,y,y,n,n,,n,,,,,n,,,
120,1,AVC isq. Lesi<c3><b3>n,h1_I1_Lesion2_AVC_isq,"{""level"":3,""toggle"":""o""}",h,n,n,1430,n,y,n,n,,n,,,,,n,,,
117,1,LTSV Tipo,h1_I5_PLTSVsiTipo,"{""options"":[""0=No inicio\/No mas medidas (withhold)"",""1=Retirada (withdraw)"",""2=Extubaci\u00f3n terminal""],""inputtype"":""m""}",M,n,n,1410,y,y,n,n,,n,,,,,n,,,
115,1,LTSV,h1_I5_PLTSV,"{""options"":[""0=No"",""1=S\u00ed"",""99=ns\/nc""]}",R,n,n,1390,y,y,n,n,,n,,,,,n,,,
116,1,LTSV fecha,h1_I5_PLTSVsi,"{""datetime"":""dt"",""startyear"":""2001"",""endyear"":""2016"",""blankdate"":""blank""}",f,n,n,1400,y,y,n,n,,n,,,,,n,,,
114,1,TCE Contusectomia,h1_I5_PCraniotomiacontusectomia,"{""options"":[""0=No"",""1=S\u00ed"",""99=ns\/nc""]}",R,n,n,1240,y,y,n,n,,n,,,,,n,,,
113,1,Peor PIC en 48h,h1_I5_PPeorPICen1o24h,"{""samerow"":1,""size"":5,""prepend"":"""",""append"":"""",""decimals"":0,""dec_point"":""."",""thousands"":"",""}",n,n,n,1380,y,y,n,n,,n,,,,,n,,,
112,1,Monit. PIC Fecha,h1_I5_PMonitPICFecha,"{""datetime"":""dt"",""startyear"":""2001"",""endyear"":""2016"",""blankdate"":""blank""}",f,n,n,1370,y,y,n,n,,n,,,,,n,,,
111,1,Monit. PIC,h1_I5_PMonitPICCaso,"{""options"":[""0=No"",""1=S\u00ed"",""99=ns\/nc""]}",R,n,n,1360,y,y,n,n,,n,,,,,n,,,
110,1,Drenaje ventricular Fecha,h1_I5_PDrenajeVentricularFecha,"{""datetime"":""dt"",""startyear"":""2001"",""endyear"":""2016"",""blankdate"":""blank""}",f,n,n,1350,y,y,n,n,,n,,,,,n,,,
109,1,Drenaje ventricular,h1_I5_PDrenajeVentricularCaso,"{""options"":[""0=No"",""1=S\u00ed"",""99=ns\/nc""]}",R,n,n,1340,y,y,n,n,,n,,,,,n,,,
108,1,Craniectomia descompresiva Fecha,h1_I5_PCraniectomiaDescompFecha,"{""datetime"":""dt"",""startyear"":""2001"",""endyear"":""2016"",""blankdate"":""blank""}",f,n,n,1330,y,y,n,n,,n,,,,,n,,,
107,1,Craniectomia descompresiva,h1_I5_PCraniectomiaDescompCaso,"{""options"":[""0=No"",""1=S\u00ed"",""99=ns\/nc""]}",R,n,n,1320,y,y,n,n,,n,,,,,n,,,
106,1,Osmoterapia,h1_I5_POsmoterapia,"{""options"":[""0=No"",""1=S\u00ed"",""99=ns\/nc""]}",R,n,n,1310,y,y,n,n,,n,,,,,n,,,
105,1,Sedacion y analgesia,h1_I5_PSedacionbanalgesia,"{""options"":[""0=No"",""1=S\u00ed"",""99=ns\/nc""]}",R,n,n,1300,y,y,n,n,,n,,,,,n,,,
104,1,IOT fecha,h1_I5_PIOTSIfecha,"{""datetime"":""dt"",""startyear"":""2001"",""endyear"":""2016"",""blankdate"":""blank""}",f,n,n,1270,y,y,n,n,,n,,,,,n,,,
103,1,IOT lugar,h1_I5_PIOTSIdonde,"{""options"":[""0=SEM"",""1=UCI"",""2=UCIES"",""3=UCO"",""4=ICTUS"",""5=Anestesia"",""6=Planta"",""6=Otro lugar""]}",d,n,n,1280,y,y,n,n,,n,,,,,n,,,
102,1,IOT,h1_I5_PIOT,"{""options"":[""0=No"",""1=S\u00ed"",""99=ns\/nc""]}",R,n,n,1260,y,y,n,n,,n,,,,,n,,,
100,1,TCE Procedimientos,h1_I5_Procedimientos,"{""level"":3,""toggle"":""o""}",h,n,n,1230,n,y,n,n,,n,,,,,n,,,
101,1,HSA,h1_I5_P1_TCE,"{""level"":2,""toggle"":""o""}",h,n,n,1760,n,y,n,n,,n,,,,,n,,,
95,1,Albumina,h1_I4_LAlbumina,"{""samerow"":1,""size"":5,""prepend"":"""",""append"":"""",""decimals"":0,""dec_point"":""."",""thousands"":"",""}",n,n,n,1220,y,y,n,n,,n,,,,,n,,,
94,1,Lactato,h1_I4_LLactato,"{""samerow"":1,""size"":5,""prepend"":"""",""append"":"""",""decimals"":0,""dec_point"":""."",""thousands"":"",""}",n,n,n,1210,y,y,n,n,,n,,,,,n,,,
93,1,EB,h1_I4_LEB,"{""samerow"":1,""size"":5,""prepend"":"""",""append"":"""",""decimals"":0,""dec_point"":""."",""thousands"":"",""}",n,n,n,1200,y,y,n,n,,n,,,,,n,,,
92,1,Glicemia,h1_I4_LGlicemia,"{""samerow"":1,""size"":5,""prepend"":"""",""append"":"""",""decimals"":0,""dec_point"":""."",""thousands"":"",""}",n,n,n,1190,y,y,n,n,,n,,,,,n,,,
201,1,AVC hem. Evacuacion,h1_I5_P3_AVC_hemorrEvacuacioncaso,"{""options"":[""0=No"",""1=S\u00ed"",""99=ns\/nc""]}",R,n,n,1740,y,y,n,n,,n,,,,,n,,,
90,1,Leucos,h1_I4_LLeucos,"{""samerow"":1,""size"":5,""prepend"":"""",""append"":"""",""decimals"":0,""dec_point"":""."",""thousands"":"",""}",n,n,n,1180,y,y,n,n,,n,,,,,n,,,
89,1,Urea,h1_I4_LUrea,"{""samerow"":1,""size"":5,""prepend"":"""",""append"":"""",""decimals"":0,""dec_point"":""."",""thousands"":"",""}",n,n,n,1170,y,y,n,n,,n,,,,,n,,,
88,1,Creatinina,h1_I4_LCreat,"{""samerow"":1,""size"":5,""prepend"":"""",""append"":"""",""decimals"":0,""dec_point"":""."",""thousands"":"",""}",n,n,n,1160,y,y,n,n,,n,,,,,n,,,
87,1,K(mmol/L),h1_I4_LK,"{""samerow"":1,""size"":5,""prepend"":"""",""append"":"""",""decimals"":0,""dec_point"":""."",""thousands"":"",""}",n,n,n,1150,y,y,n,n,,n,,,,,n,,,
84,1,INR,h1_I4_LINR,"{""samerow"":1,""size"":5,""prepend"":"""",""append"":"""",""decimals"":0,""dec_point"":""."",""thousands"":"",""}",n,n,n,1120,y,y,n,n,,n,,,,,n,,,
85,1,Ratio TTPA,h1_I4_LRatioTTPA,"{""samerow"":1,""size"":5,""prepend"":"""",""append"":"""",""decimals"":0,""dec_point"":""."",""thousands"":"",""}",n,n,n,1130,y,y,n,n,,n,,,,,n,,,
86,1,Na(mmol/L),h1_I4_LNa,"{""samerow"":1,""size"":5,""prepend"":"""",""append"":"""",""decimals"":0,""dec_point"":""."",""thousands"":"",""}",n,n,n,1140,y,y,n,n,,n,,,,,n,,,
82,1,Hemoglobina,h1_I4_LHemoglobina,"{""samerow"":1,""size"":5,""prepend"":"""",""append"":"""",""decimals"":0,""dec_point"":""."",""thousands"":"",""}",n,n,n,1100,y,y,n,n,,n,,,,,n,regex,"^[0]{1}$|^(?!0*[.,]0*$|[.,]0*$|0*$)\\d+[,.]?\\d{0,2}$",Ha de ser un valor positivo
83,1,Plaquetas,h1_I4_LPlaquetas,"{""samerow"":1,""size"":5,""prepend"":"""",""append"":"""",""decimals"":0,""dec_point"":""."",""thousands"":"",""}",n,n,n,1110,y,y,n,n,,n,,,,,n,,,
81,1,TCE,h1_I4_L1_TCE,"{""level"":2,""toggle"":""o""}",h,n,n,780,n,y,n,n,,n,,,,,n,,,
80,1,TCE Laboratorio,h1_I4_Laboratorio,"{""level"":3,""toggle"":""o""}",h,n,n,1090,n,y,n,n,,n,,,,,n,,,
73,1,TAC evol 48h,h1_I3_I1_TCETACevol24h,"{""options"":[""0=Sin Cambios"",""1=+Sangrado\/contusi\u00f3n"",""2=+Edema"",""3=+Isquemia"",""4=+Desv. linea media""],""inputtype"":""m""}",M,n,n,1060,y,y,n,n,,n,,,,,n,,,
500,1,TCE Otro TAC,3I_1TCETACMarshallOtro,"{""samerow"":1,""size"":0,""prepend"":"""",""append"":"""",""max"":0,""autocomplete"":""n"",""exact"":""n""}",t,n,n,1050,n,y,n,n,,n,,,,,n,,,
71,1,AVC ISQ,h1_I3_I1_TCE,"{""level"":2,""toggle"":""o""}",h,n,n,1420,n,y,n,n,,n,,,,,n,,,
72,1,TCE TAC Marshall,h1_I3_I1_TCETACMarshall,"{""options"":[""1=Difusa I: Sin patologia visible"",""2=Difusa II: Cisternas presentes con desplazamientos de la linea media de 0-5 mm y\/o lesiones densas presentes. Sin lesiones de densidad alta o mixta mauyor que 25 cm3.  Puede incluir fragmentos oseos y cuerpos extra\u00f1os"",""3=Difusa III: Swelling: Cisternas comprimidas o ausentes con desplazamiento de la linea media de 0-5 mm.  Sin lesiones de densidad alta o mixta  mayor que 25 cm3"",""4=Difusa IV: Shift: Desplazamiento de la linea media mayor que 25 cm3. Sin lesiones de densidad alta o mixta mayor que 25 cm3."",""5=L. Focal evacuada: Cualquier lesion evacuada quirurgicamente "",""6=L. Focal no evacuada: Lesion de densidad alta o mixta mayor que 25 cm3 no evacuada quirurgicamente."",""7=Otro""]}",d,n,n,1040,y,y,n,n,,n,,,,,n,,,
70,1,TCE Imagen,h1_I3_Imagen,"{""level"":3,""toggle"":""o""}",h,n,n,1030,n,y,n,n,,n,,,,,n,,,
67,1,Atropina,h1_I2_V_CAtropina,"{""options"":[""0=No"",""1=S\u00ed"",""99=ns\/nc""]}",R,n,n,1020,y,y,n,n,,n,,,,,n,,,
510,1,AVC isq. Otro AVC isq.,aVCOtro,"{""samerow"":1,""size"":0,""prepend"":"""",""append"":"""",""max"":0,""autocomplete"":""n"",""exact"":""n""}",t,n,n,1470,n,y,n,n,,n,,,,,n,,,
66,1,Sedacion,h1_I2_V_CSedacion,"{""options"":[""0=No"",""1=S\u00ed"",""99=ns\/nc""]}",R,n,n,1010,y,y,n,n,,n,,,,,n,,,
65,1,Refl. Corneal,h1_I2_V_CCorneal,"{""options"":[""0=No"",""1=S\u00ed"",""99=ns\/nc""]}",R,n,n,990,y,y,n,n,,n,,,,,n,,,
64,1,Pupilas,h1_I2_V_CPupilas,"{""options"":[""0=Isocoricas"",""1=Anisocoricas"",""99=ns\/nc""]}",R,n,n,980,y,y,n,n,,n,,,,,n,,,
63,1,Crisis comicial,h1_I2_V_CCrisiscomicial,"{""options"":[""0=No"",""1=S\u00ed"",""99=ns\/nc""]}",R,n,n,970,y,y,n,n,,n,,,,,n,,,
62,1,TAM.mim,h1_Ingreso2_Variables_clinicasTAMmin,"{""formula"":""(#60+2*#61)\/3"",""decimals"":2,""dec_point"":""."",""thousands"":"",""}",C,n,n,960,y,y,n,n,,n,,,,,n,,,
61,1,TAD.min,h1_I2_V_CTADmin,"{""samerow"":1,""size"":5,""prepend"":"""",""append"":"""",""decimals"":0,""dec_point"":""."",""thousands"":"",""}",n,n,n,950,y,y,n,n,,,,,,,n,,,
512,1,AVC hem. ICH,3AVChemorICH,"{""calculation"":""(add \r\n  (if (less-than \r\n        (round (div (sub h1_I0_ini0_introFechaingresoHospital h0_PFecha_nacimiento ) 31449600 ) 0 \r\n        )\r\n      80) 0 1\r\n  )\r\n  (if (less-than h1_I2_V_CGCSIngreso 5) 2 0)\r\n  (if (and \r\n          (more-than h1_I2_V_CGCSIngreso 4)\r\n          (less-than  h1_I2_V_CGCSIngreso 13)\r\n      ) 1 0\r\n   )\r\n  (if (equals h1_I3_I3_AVC_hemorrTACcontventric 0) 0 0)\r\n  (if (equals h1_I3_I3_AVC_hemorrTACcontventric 1) 1 0)\r\n  (if (equals h1_I3_I3_AVC_hemorrTACcontventric 2) 1 0)\r\n  (if (equals h1_I3_I3_AVC_hemorrTACcontventric 99) 0 0)\r\n  (if (contains h1_I3_I3_AVC_hemorrTAClocalizacion 1) 0 0) \r\n  (if (contains h1_I3_I3_AVC_hemorrTAClocalizacion 2) 0 0) \r\n  (if (contains h1_I3_I3_AVC_hemorrTAClocalizacion 3) 0 0) \r\n  (if (contains h1_I3_I3_AVC_hemorrTAClocalizacion 4) 1 0) \r\n  (if (more-than h1_I3_I3_AVC_hemorrTACvolumenlex 80) 1 0)\r\n)""}",math,n,n,1670,n,y,n,n,,n,,,,,n,,,
60,1,TAS.min,h1_I2_V_CTASmin,"{""samerow"":1,""size"":5,""prepend"":"""",""append"":"""",""decimals"":0,""dec_point"":""."",""thousands"":"",""}",n,n,n,940,y,y,n,n,,,,,,,n,,,
59,1,TAM.max,h1_Ingreso2_Variables_clinicasTAMmax,"{""formula"":""(#57+2*#58)\/3"",""decimals"":2,""dec_point"":""."",""thousands"":"",""}",C,n,n,930,y,y,n,n,,n,,,,,n,,,
58,1,TAD.max,h1_I2_V_CTADmax,"{""samerow"":1,""size"":5,""prepend"":"""",""append"":"""",""decimals"":0,""dec_point"":""."",""thousands"":"",""}",n,n,n,920,y,y,n,n,,,,,,,n,,,
57,1,TAS.max,h1_I2_V_CTASmax,"{""samerow"":1,""size"":5,""prepend"":"""",""append"":"""",""decimals"":0,""dec_point"":""."",""thousands"":"",""}",n,n,n,910,y,y,n,n,,n,,,,,n,,,
16,1,HTA,h0_PHTA,"{""options"":[""0=No"",""1=S<c3><ad>"",""2=S<c3><ad>; con mas de dos farmacos"",""99=ns/nc""]}",R,n,n,170,y,y,n,n,,,,,,,n,,,
17,1,DM,h0_PDM,"{""options"":[""0=NO"",""1=Si"",""2=Si; con da<c3><b1>o org<c3><a1>nico"",""99=ns/nc""]}",R,n,n,180,y,y,n,n,,,,,,,n,,,
18,1,Enol (consumo de riesgo),h0_PEnol_consumo_de_riesgo,"{""options"":[""0=No"",""1=S\u00ed"",""99=ns\/nc""]}",R,n,n,190,y,y,n,n,,n,,,,,n,,,
19,1,Tabaco,h0_PTabaco,"{""options"":[""0=No"",""1=S<c3><ad>"",""99=ns/nc""]}",R,n,n,200,y,y,n,n,,,,,,,n,,,
20,1,Habitos toxicos,h0_PHabitos_toxicos,"{""options"":[""1=Coca\u00edna"",""2=Cannabis"",""3=Opi\u00e1ceos"",""4=BZD"",""5=Otros""],""inputtype"":""m""}",M,n,n,210,y,y,n,n,,n,,,,,n,,,
21,1,Neo,h0_PNeo,"{""options"":[""0=No"",""1=Si; pasada (curada)"",""2=Si; activa"",""99=ns/nc""]}",R,n,n,230,y,y,n,n,,,,,,,n,,,
22,1,I. Renal,h0_PI_Renal,"{""options"":[""0=No"",""1=Si"",""2=Si; dialisis"",""99=ns\/nc""]}",R,n,n,240,y,y,n,n,,n,,,,,n,,,
23,1,Hepatopatia,h0_PHepatopatia,"{""options"":[""0=No"",""1=Si"",""2=Si; alguna descompensacion"",""99=ns/nc""]}",R,n,n,250,y,y,n,n,,,,,,,n,,,
24,1,Dislipemia,h0_PDislipemia,"{""options"":[""0=No"",""1=Si"",""2=Si; en tto medico"",""99=ns/nc""]}",R,n,n,260,y,y,n,n,,,,,,,n,,,
25,1,Cardiopatia isquemica,h0_PCardiopatia_isquemica,"{""options"":[""0=No"",""1=S\u00ed"",""99=ns\/nc""]}",R,n,n,270,y,y,n,n,,n,,,,,n,,,
26,1,Tto. antitrombotico,h0_PTto_antitrombotico,"{""options"":[""0=No"",""1=Anticoagulacion"",""2=Antiagregacion"",""3=Ambos"",""99=ns\/nc""]}",R,n,n,280,y,y,n,n,,n,,,,,n,,,
27,1,Contraindic. Donacion,h0_PContraindic_Donacion,"{""options"":[""0=Edad"",""1=C\u00e1ncer activo"",""2=C\u00e1ncer pasado"",""3=Shock s\u00e9ptico"",""4=FMO"",""5=Inf.V\u00edrica"",""6=Inf.F\u00fangica"",""7=VIH+"",""Riesgo social"",""8=VHB; VHC o VHD"",""9=Otra""],""inputtype"":""m""}",M,n,n,300,y,y,n,n,,n,,,,,n,,,
28,1,INGRESO,h1_IINGRESO,"{""level"":1,""toggle"":""o""}",h,n,n,320,n,y,n,n,,,,,,,n,,,
29,1,DATOS BASICOS (Ingreso),h1_I0_ini0_introDATOSBASICOS,"{""level"":2,""toggle"":""o""}",h,n,n,330,n,y,n,n,,n,,,,,n,,,
30,1,Fecha ingreso hospital,h1_I0_ini0_introFechaingresoHospital,"{""datetime"":""dt"",""startyear"":""2001"",""endyear"":""2016"",""blankdate"":""blank""}",f,n,n,340,y,y,n,n,,n,,,,,n,,,
31,1,Fecha ingreso UCI,h1_I0_ini0_introFechaingresoUCI,"{""datetime"":""dt"",""startyear"":""2001"",""endyear"":""2016"",""blankdate"":""blank""}",f,n,n,400,y,y,n,n,,n,,,,,n,,,
196,1,AVC hem. Lado,h1_3_I3_AVC_hemorrLado,"{""options"":[""0=Derecho"",""1=Izquierdo"",""99=ns\/nc""]}",R,n,n,1700,y,y,n,n,,n,,,,,n,,,
525,1,INTRODUCCI<c3><93>N,iNTRODUCCIN,,h,n,n,0,n,y,n,n,,,,,,,n,,,
48,1,Tiempo de detecci<c3><b3>n,h1_I0_ini0_introTempsdedeteccio,"{""formula"":""(#32-#30)"",""decimals"":2,""dec_point"":""."",""thousands"":"",""}",C,n,n,570,y,y,n,n,,n,,,,,n,,,
41,1,AVC hem. Lesi<c3><b3>n,h1_I1_Lesion1_TCE,"{""level"":3,""toggle"":""o""}",h,n,n,1630,n,y,n,n,,n,,,,,n,,,
40,1,TCE Lesion,h1_I1_Lesion,"{""level"":3,""toggle"":""o""}",h,n,n,790,n,y,n,n,,n,,,,,n,,,
202,1,AVC hem. Evacuacion fecha,h1_I5_P3_AVC_hemorrEvacuacionfecha,"{""datetime"":""dt"",""startyear"":""2001"",""endyear"":""2016"",""blankdate"":""blank""}",f,n,n,1750,y,y,n,n,,n,,,,,n,,,
38,1,Aceptaci<c3><b3>n familia,h1_I0_ini0_introGCSEntrPrevCaso,"{""options"":[""0=No"",""1=S\u00ed"",""99=ns\/nc""]}",R,n,n,610,y,y,n,n,,n,,,,,n,,,
492,1,Otro servicio detec.,servicioDETOtro,"{""samerow"":1,""size"":0,""prepend"":"""",""append"":"""",""max"":0,""autocomplete"":""n"",""exact"":""n""}",t,n,n,470,n,y,n,n,,n,,,,,n,,,
509,1,Temperatura max,3TempMAX,"{""samerow"":1,""size"":0,""prepend"":"""",""append"":"""",""decimals"":0,""dec_point"":""."",""thousands"":"",""}",n,n,n,900,n,y,n,n,,n,,,,,n,,,
37,1,Etiologia,h1_I0_ini0_introEtiologia,"{""options"":[""0=TCE"",""1=AVC isq"",""2=AVC hemorr"",""3=HSA"",""4=Anoxia"",""5=Infecc"",""6=Tumor\/Otros"",""99=ns\/nc""]}",d,n,y,770,y,y,n,n,,n,,,,,n,,,
491,1,Otro lugar ingr.,tipoDeHospitalINGOtros,"{""samerow"":1,""size"":0,""prepend"":"""",""append"":"""",""max"":0,""autocomplete"":""n"",""exact"":""n""}",t,n,n,360,n,y,n,n,,n,,,,,n,,,
35,1,Servicio detec.,h1_I0_ini0_introServicio,"{""options"":[""0=UCI"",""1=UCIES"",""2=UCO"",""3=Ictus"",""4=Anestesia"",""5=Planta"",""6=Otro""]}",d,n,y,460,y,y,n,n,,n,,,,,n,,,
34,1,Hospital ingreso,h1_I0_ini0_introTipodeHospital,"{""options"":[""1=H.General"",""2=H.Trauma."",""3=H.Maternoinf."",""4=Otro""]}",d,n,y,350,y,y,n,n,,n,,,,,n,,,
33,1,GCS detecci<c3><b3>n,h1_I0_ini0_introGCSdetecc,"{""samerow"":1,""size"":5,""prepend"":"""",""append"":"""",""decimals"":0,""dec_point"":""."",""thousands"":"",""}",n,n,n,480,y,y,n,n,,n,,,,,n,regex,^[3-9]{1}$|^[1]{1}[0-5]{1}$|^15$,El valor tiene que ser entre 3 y 15
32,1,Fecha detecci<c3><b3>n,h1_I0_ini0_introFechaDeteccion,"{""datetime"":""dt"",""startyear"":""2001"",""endyear"":""2016"",""blankdate"":""blank""}",f,n,n,430,y,y,n,n,,n,,,,,n,,,
45,1,TCE Lesi<c3><b3>n asociada,h1_I1_Lesion1_TCELxAsociada,"{""options"":[""0=No"",""1=Facial"",""2=Toracica"",""3=Abdominal"",""4=Ortopedica"",""5=Medular"","" 6= Vertebral""],""inputtype"":""m""}",M,n,n,820,y,y,n,n,,n,,,,,n,,,
50,1,AVC HEMORR,h1_I2_Variables_clinicas,"{""level"":2,""toggle"":""o""}",h,n,n,1620,n,y,n,n,,n,,,,,n,,,
51,1,Variables Cl<c3><ad>nicas,h1_I2_V_C1_TCE,"{""level"":3,""toggle"":""o""}",h,n,n,840,n,y,n,n,,n,,,,,n,,,
52,1,GCS Ingreso,h1_I2_V_CGCSIngreso,"{""samerow"":1,""size"":5,""prepend"":"""",""append"":"""",""decimals"":0,""dec_point"":""."",""thousands"":"",""}",n,n,n,850,y,y,n,n,,n,,,,,n,regex,^[3-9]{1}$|^[1]{1}[0-5]{1}$|^15$,El valor tiene que ser entre 3 y 15
53,1,Componente M-GCS Ingr.,h1_I2_V_CGCSmotor,"{""samerow"":1,""size"":5,""prepend"":"""",""append"":"""",""decimals"":0,""dec_point"":""."",""thousands"":"",""}",n,n,n,860,y,y,n,n,,n,,,,,n,regex,^[1-6]$,El valor tiene que ser entre 1 y 6
54,1,GCS (Deterioro antes de 48h),h1_I2_V_CGCSDeterioroantesde24h,"{""options"":[""0=No"",""1=S\u00ed"",""99=ns\/nc""]}",R,n,n,870,y,y,n,n,,n,,,,,n,,,
55,1,Saturaci<c3><b3>n 02 min,h1_I2_V_CSaturacion02min,"{""samerow"":1,""size"":5,""prepend"":"""",""append"":"""",""decimals"":0,""dec_point"":""."",""thousands"":"",""}",n,n,n,880,y,y,n,n,,n,,,,,n,regex,^[0-9]{1}$|^[0-9]{1}[0-9]{1}$|^[1]{1}[0]{1}[0]{1}$|^100$,El valor ha de estar entre 0 y 100
56,1,Temperatura min,h1_I2_V_CTemperatura,"{""samerow"":1,""size"":5,""prepend"":"""",""append"":"""",""decimals"":0,""dec_point"":""."",""thousands"":"",""}",n,n,n,890,y,y,n,n,,n,,,,,n,regex,"^[0]{1}$|^(?!0*[.,]0*$|[.,]0*$|0*$)\\d+[,.]?\\d{0,2}$",Tiene que ser un valor positivo
15,1,COMORBILIDAD,h0_PCOMORBILIDAD,"{""level"":2,""toggle"":""o""}",h,n,n,160,n,y,n,n,,,,,,,n,,,
14,1,Rankin previo (n),h0_PRankin_previo_n,"{""options"":[""0= Asintomatico"","" 1= Incapacidad no significativa (Trabaja; conduce. Algunos s\u00edntomas)"","" 2= Incapacidad ligera (No trabaja; conduce etc. Puede aseo personal)"","" 3= Incapacidad moderada (Camina sin ayuda pero s\u00ed para cosas b\u00e1sicas)"","" 4= I. Moderadamente Severa (No camina sin ayuda)"","" 5= Incapacidad severa (Encamado;incontinencia; asistencia continua constante)""]}",d,n,n,150,y,y,n,n,,n,,,,,n,,,
12,1,IMC (kg/m<c2><b2>),h0_PIMC,"{""formula"":""#11*10000\/(#10*#10)"",""decimals"":1,""dec_point"":""."",""thousands"":"",""}",C,n,n,120,y,y,n,n,,n,,,,,n,,,
13,1,Etnia,h0_PRaza,"{""options"":[""1= Cauc\u00e1sico"","" 2= Negro"","" 3= Asi\u00e1tico"","" 4=Otros""]}",d,n,n,130,y,y,n,n,,n,,,,,n,,,
11,1,Peso (kg),h0_PPeso_kg,"{""samerow"":1,""size"":5,""prepend"":"""",""append"":"""",""decimals"":0,""dec_point"":""."",""thousands"":"",""}",n,n,n,110,y,y,n,n,,n,,,,,n,regex,"^[0]{1}$|^(?!0*[.,]0*$|[.,]0*$|0*$)\\d+[,.]?\\d{0,2}$",El valor debe de ser positivo
10,1,Talla (cm),h0_PTalla_cm,"{""samerow"":1,""size"":5,""prepend"":"""",""append"":"""",""decimals"":0,""dec_point"":""."",""thousands"":"",""}",n,n,n,100,y,y,n,n,,n,,,,,n,regex,"^[0]{1}$|^(?!0*[.,]0*$|[.,]0*$|0*$)\\d+[,.]?\\d{0,2}$",Debe ser positivo
9,1,Sexo,h0_PSexo,"{""options"":[""0=Mujer"",""1=Varon"",""99=ns/nc""]}",R,n,n,90,y,y,n,n,,,,,,,n,,,
8,1,Fecha nacimiento,h0_PFecha_nacimiento,"{""datetime"":""d"",""startyear"":""1900"",""endyear"":""2016"",""blankdate"":""blank""}",f,n,n,80,y,y,n,n,,n,,,,,n,,,
7,1,NHC,h0_PPaciente_NHC,"{""samerow"":1,""size"":80,""prepend"":"""",""append"":"""",""max"":100,""autocomplete"":""y"",""exact"":""n""}",t,y,y,70,y,y,n,y,,n,,,,,n,,,
6,1,Nombre,h0_PPaciente_Nombre,"{""samerow"":1,""size"":80,""prepend"":"""",""append"":"""",""max"":100,""autocomplete"":""y"",""exact"":""n""}",t,y,y,60,y,y,n,y,,n,,,,,n,,,
1,1,#Id,campoid,"{""start"":1,""prepend"":""#"",""append"":"""",""itemId"":""""}",q,y,y,10,y,y,n,y,,,,,,,n,,,
2,1,Editado por,campoUsuario,"{""autoassign"":1,""notify"":0,""groupIds"":[0],""showRealname"":0}",u,n,y,20,y,y,n,n,,n,,,,,n,,,
3,1,Comentarios,campoComentarios,"{""toolbars"":1,""width"":80,""height"":5,""max"":10000,""listmax"":200,""wordmax"":0,""distinct"":""n"",""wysiwyg"":""n"",""samerow"":0}",a,n,y,30,y,y,n,n,Puedes a<c3><b1>adir m<c3><a1>s informaci<c3><b3>n y comentarios aqu<c3><ad>,,,,,,y,,,
4,1,PACIENTE,h0_PPACIENTE,"{""level"":1,""toggle"":""o""}",h,n,n,40,n,y,n,n,,,,,,,n,,,
5,1,DATOS BASICOS (Paciente),h0_PDATOS_BASICOS,"{""level"":2,""toggle"":""o""}",h,n,n,50,n,y,n,n,,n,,,,,n,,,
282,1,AnoxToxMet. EEG,h1_I3_I5_AnoxiaEEG,"{""options"":[""0=Normal"",""1=Anormal""]}",R,n,n,2110,y,y,n,n,,n,,,,,n,,,
290,1,AnoxToxMet. Enolasa,h1_I4_L5_AnoxiaEnolasa,"{""samerow"":1,""size"":5,""prepend"":"""",""append"":"""",""decimals"":0,""dec_point"":""."",""thousands"":"",""}",n,n,n,2140,y,y,n,n,,n,,,,,n,,,
300,1,AnoxToxMet. Hipotermia,h1_I5_P5_AnoxiaHipotermia,"{""options"":[""0=No"",""1=S\u00ed"",""99=ns\/nc""]}",R,n,n,2160,y,y,n,n,,n,,,,,n,,,
310,1,AVC hem. Imagen,h1_I1_L6_Infecc,"{""level"":3,""toggle"":""o""}",h,n,n,1660,n,y,n,n,,n,,,,,n,,,
311,1,INF Tiempo inicio sx. ATB,h1_I1_L6_InfecctiniciosxATB,"{""samerow"":1,""size"":5,""prepend"":"""",""append"":"""",""decimals"":0,""dec_point"":""."",""thousands"":"",""}",n,n,n,2200,y,y,n,n,,n,,,,,n,,,
312,1,INF Micro,h1_I1_L6_Infeccmicro,"{""options"":[""0=Desconocido"",""1=Bacteriano"",""2=Viral"",""3=Otro""]}",d,n,n,2210,y,y,n,n,,n,,,,,n,,,
320,1,INF Shock,h1_I2_V_C6_InfeccShock,"{""options"":[""0=No"",""1=S\u00ed""]}",R,n,n,2260,y,y,n,n,,n,,,,,n,,,
330,1,INF TAC,h1_I3_I6_InfeccTAC,"{""options"":[""0=Normal"",""1=Anormal""]}",R,n,n,2280,y,y,n,n,,n,,,,,n,,,
331,1,INF RNM,h1_I3_I6_InfeccRNM,"{""options"":[""0=Normal"",""1=Anormal""]}",R,n,n,2290,y,y,n,n,,n,,,,,n,,,
350,1,INF Soporte HD,h1_I5_P6_InfeccSoporteHD,"{""options"":[""0=No"",""1=S\u00ed""]}",R,n,n,2310,y,y,n,n,,n,,,,,n,,,
351,1,INF ATB y AV adecuado,h1_I5_P6_InfeccATBbAVadecuado,"{""options"":[""0=No"",""1=S\u00ed""]}",R,n,n,2320,y,y,n,n,,n,,,,,n,,,
360,1,AVC hem. Prodedimientos,h1_I1_L7_Otros,"{""level"":3,""toggle"":""o""}",h,n,n,1730,n,y,n,n,,n,,,,,n,,,
381,1,TUM TAC Localizacion,h1_I3_I7_OtrosTAClocalizacion,"{""options"":[""0=Supratent"",""1=Infratent"",""2=Tronco"",""9=NS\/NC""],""inputtype"":""m""}",M,n,n,2410,y,y,n,n,,n,,,,,n,,,
400,1,EVOLUCION,h2_EEVOLUCION,"{""level"":1,""toggle"":""o""}",h,n,n,2460,n,y,n,n,,,,,,,n,,,
401,1,HSA Lesi<c3><b3>n,h2_EDATOS_BASICOS,"{""level"":3,""toggle"":""o""}",h,n,n,1770,n,y,n,n,,n,,,,,n,,,
402,1,Evolucion Tipo,h2_EEvolucionTipo,"{""options"":[""0=mejora"",""1=exitus"",""99=ns\/nc""]}",D,n,n,2470,y,y,n,n,,n,,,,,n,,,
403,1,Mejora fecha (GCS mas de 8),h2_EEvolucionmejorafecha_GCS_masde8,"{""datetime"":""dt"",""startyear"":""2001"",""endyear"":""2016"",""blankdate"":""blank""}",f,n,n,2490,y,y,n,n,,n,,,,,n,,,El valor de GCS ha de estar entre 3 y 15
414,1,Donante tejidos NO Causa,h2_EDonante_tejidosnoCausa,"{""options"":[""0=Fallo detecci\u00f3n"",""1=Contraindicaci\u00f3n m\u00e9dica"",""2=Negativa familiar\/juez"",""3=Mantenimiento"",""4=Aspectos log\u00edsticos"",""5=Edad"",""6=Otra""],""inputtype"":""m""}",M,n,n,2730,y,y,n,n,,n,,,,,n,,,
405,1,Fecha alta hospital,h2_EEvolucionmejorafecha_alta_Hospital,"{""datetime"":""dt"",""startyear"":""2001"",""endyear"":""2016"",""blankdate"":""blank""}",f,n,n,2500,y,y,n,n,,n,,,,,n,,,
406,1,Fecha exitus,h2_EEvolucionexitusfecha_exitus,"{""datetime"":""dt"",""startyear"":""2001"",""endyear"":""2016"",""blankdate"":""blank""}",f,n,n,2580,y,y,n,n,,n,,,,,n,,,
407,1,Evo_tipo_exitus,h2_EEvolucionexitustipo,"{""options"":[""0=ME"",""1=Asistolia"",""99=ns\/nc""]}",R,n,n,2630,y,y,n,n,,n,,,,,n,,,
408,1,Donante organos,h2_EDonante_OrganosCaso,"{""options"":[""0=No"",""1=S\u00ed"",""99=ns\/nc""]}",R,n,n,2640,y,y,n,n,,n,,,,,n,,,
409,1,Donante organos SI Tipo,h2_EDonante_OrganossiTipo,"{""options"":[""1=Coraz\u00f3n"",""2=Pulmones"",""3=H\u00edgado"",""4=Ri\u00f1ones"",""5=P\u00e1ncreas"",""6=Otros""],""inputtype"":""m""}",M,n,n,2660,y,y,n,n,,n,,,,,n,,,
410,1,Donante Organos No Causa,h2_EDonante_OrganosnoCausa,"{""options"":[""0=Fallo detecci\u00f3n"",""1=Contraindicaci\u00f3n m\u00e9dica"",""2=Negativa familiar\/juez"",""3=Mantenimiento"",""4=Aspectos log\u00edsticos"",""5=Otra""],""inputtype"":""m""}",M,n,n,2680,y,y,n,n,,n,,,,,n,,,
412,1,Donante tejidos,h2_EDonante_tejidosCaso,"{""options"":[""0=No"",""1=S\u00ed"",""99=ns\/nc""]}",R,n,n,2690,y,y,n,n,,n,,,,,n,,,
413,1,Donante tejidos SI Tipo,h2_EDonante_tejidossiTipo,"{""options"":[""1=C\u00f3rneas"",""2=Piel"",""3=Osteo-tendinoso"",""4=V\u00e1lvulas"",""5=Vasos"",""6=Otros""],""inputtype"":""m""}",M,n,n,2710,y,y,n,n,,n,,,,,n,,,
380,1,TUM TAC,h1_I3_I7_OtrosTAC,"{""options"":[""0=Normal"",""1=Sangrado"",""99=ns\/nc""]}",R,n,n,2390,y,y,n,n,,n,,,,,n,,,
118,1,TCE Contusectomia fecha,h1_I5_PContusectomiafecha,"{""datetime"":""dt"",""startyear"":""2001"",""endyear"":""2016"",""blankdate"":""blank""}",f,n,n,1250,y,y,n,n,,n,,,,,n,,,
262,1,AnoxToxMet. Metabolica Tipo,h1_I1_L5_Anoxiatoxic,"{""options"":[""0=Hep\u00e1tica"",""1=Renal"",""2=Endocrina (diabetes etc)"",""3=Enf. sist. (sepsis; c\u00e1ncer etc)"",""4=Otra""]}",d,n,n,1990,y,y,n,n,,n,,,,,n,,,
283,1,AnoxToxMet. PE,h1_I3_I5_AnoxiaPE,"{""options"":[""0=Normal"",""1=Anormal""]}",R,n,n,2120,y,y,n,n,,n,,,,,n,,,
382,1,TUM TAC Lado,h1_I3_I7_OtrosTACLado,"{""options"":[""0=Derecho"",""1=Izquierdo"",""99=NS\/NC""],""inputtype"":""m""}",M,n,n,2420,y,y,n,n,,n,,,,,n,,,
390,1,TUM Tumorectomia,h1_I5_P7_OtrosTumorectcaso,"{""options"":[""0=No"",""1=S\u00ed"",""99=ns\/nc""]}",R,n,n,2440,y,y,n,n,,n,,,,,n,,,
391,1,TUM Tumorect. fecha,h1_I5_P7_OtrosTumorectfecha,"{""datetime"":""dt"",""startyear"":""2001"",""endyear"":""2016"",""blankdate"":""blank""}",f,n,n,2450,y,y,n,n,,n,,,,,n,,,
74,1,DTC patron,h1_I3_IDTCpatron,"{""options"":[""0=Normal"",""1=Hipoperfusi\u00f3n"",""2=Hiperemia"",""3=Vasoespasmo"",""4=Paro circulatorio"",""5=Otro""]}",d,n,n,1070,y,y,n,n,,n,,,,,n,,,
68,1,Refl. Tusigeno,h1_I2_V_CTusigeno,"{""options"":[""0=No"",""1=S\u00ed"",""99=ns\/nc""]}",R,n,n,1000,y,y,n,n,,n,,,,,n,,,
46,1,Componente M-GCS entrev.,h1_I0_ini0_introEntrPreviagcs,"{""samerow"":1,""size"":5,""prepend"":"""",""append"":"""",""decimals"":0,""dec_point"":""."",""thousands"":"",""}",n,n,n,670,y,y,n,n,,n,,,,,n,regex,^[1-6]{1}$,El valor tiene que ser entre 1 y 6
508,1,TCE Otra lesi<c3><b3>n asociada,3OtraLesionAsociada,"{""samerow"":1,""size"":0,""prepend"":"""",""append"":"""",""max"":0,""autocomplete"":""n"",""exact"":""n""}",t,n,n,830,n,y,n,n,,n,,,,,n,,,
420,1,Estado Veg. Persist.,h2_EEVP,"{""options"":[""0=No"",""1=S\u00ed"",""99=ns\/nc""]}",R,n,n,2560,y,y,n,n,,n,,,,,n,,,
430,1,Tiempo estancia hospitalaria,h2_ETiempo_de_estancia_hospitalaria,"{""formula"":""(#405-#30)"",""decimals"":2,""dec_point"":""."",""thousands"":"",""}",C,n,n,2510,y,y,n,n,,n,,,,,n,,,
517,1,Otro lugar alta,4EvoMejoraOtroLugarAlta,"{""samerow"":1,""size"":0,""prepend"":"""",""append"":"""",""max"":0,""autocomplete"":""n"",""exact"":""n""}",t,n,n,2530,n,y,n,n,,n,,,,,n,,,
513,1,INF Otras micro.,3InfecMicroOtro,"{""samerow"":1,""size"":0,""prepend"":"""",""append"":"""",""max"":0,""autocomplete"":""n"",""exact"":""n""}",t,n,n,2220,n,y,n,n,,n,,,,,n,,,
431,1,Componente M-GCS detec.,componenteMDET,"{""samerow"":1,""size"":5,""prepend"":"""",""append"":"""",""decimals"":0,""dec_point"":""."",""thousands"":"",""}",n,n,n,490,y,y,n,n,,n,,,,,n,regex,^[1-6]{1}$,El valor tiene que ser entre 1 y 6
432,1,Reflejo corneal detec.,reflejoCornealDET,"{""options"":[""0=No"",""1=S\u00ed"",""99=ns\/nc""]}",R,n,n,510,y,y,n,n,,n,,,,,n,,,
433,1,Reflejo tus<c3><ad>geno detec.,reflejoTusigenoDET,"{""options"":[""0=No"",""1=S\u00ed"",""99=ns\/nc""]}",R,n,n,520,y,y,n,n,,n,,,,,n,,,
434,1,Pupilas detec.,pupilasDET,"{""options"":[""0=Isoc\u00f3ricas"",""1=Anisoc\u00f3ricas"",""99=ns\/nc""]}",R,n,n,530,y,y,n,n,,n,,,,,n,,,
435,1,Inestabilidad hemodin<c3><a1>m. detec.,inestabilidadHemodinamicDET,"{""options"":[""0=No"",""1=S\u00ed"",""99=ns\/nc""]}",R,n,n,540,y,y,n,n,,n,,,,,n,,,
448,1,Funci<c3><b3>n renal detec.,creatinininaDET,"{""options"":[""0=R (Incremento de Crs mayor que 1.5 sobre el basal y\/o reducci\u00f3n de FG 25% y\/o menor que 0.5ml\/kg\/h en 6 horas)"",""1=I (Incremento de Crs mayor que 2 sobre el basal y\/o reducci\u00f3n de FG 50% y\/o menor que 0.5ml\/kg\/h en 12 horas)"",""2=F (Fallo: Incremento de Crs mayor que 3 sobre el basal y\/o reducci\u00f3n de FG 75% y\/o menor que 0.3ml\/kg\/h en 24 horas o anuria 12 horas)"",""3=L (P\u00e9rdida: Necesidad de TRR mayor que 4 semanas)"",""4=E (Enfermedad renal terminal: Necesidad de TRR mayor que 3 meses)"",""5=D (Tecnicas continuas de reemplazo renal)"",""6=NORMAL"",""99=ns\/nc""]}",R,n,n,580,y,y,n,n,,n,,,,,n,,,
449,1,Hospital detec.,tipoDeHospitalDET,"{""options"":[""1=H.General"",""2=H.Trauma."",""3=H.Maternoinf."",""4=Otro""]}",d,n,n,440,y,y,n,n,,n,,,,,n,,,
438,1,Alteraci<c3><b3>n funci<c3><b3>n hep<c3><a1>t. detec.,alteracionFuncionHepaticaDET,"{""options"":[""0=No"",""1=S\u00ed"",""99=ns\/nc""]}",R,n,n,550,y,y,n,n,,n,,,,,n,,,
439,1,Pa/Fi02 detec.,paFi02,"{""samerow"":1,""size"":5,""prepend"":"""",""append"":"""",""decimals"":0,""dec_point"":""."",""thousands"":"",""}",n,n,n,560,y,y,n,n,,n,,,,,n,regex,"^[0]{1}$|^(?!0*[.,]0*$|[.,]0*$|0*$)\\d+[,.]?\\d{0,2}$",Tiene que ser un valor positivo
440,1,GCS entrevista,gCSENT,"{""samerow"":1,""size"":5,""prepend"":"""",""append"":"""",""decimals"":0,""dec_point"":""."",""thousands"":"",""}",n,n,n,660,y,y,n,n,,n,,,,,n,regex,^[3-9]{1}$|^[1]{1}[0-5]{1}$|^15$,El valor de GCS ha de estar entre 3 y 15
441,1,Reflejo corneal entrev.,reflejoCorneal,"{""options"":[""0=No"",""1=S\u00ed"",""99=ns\/nc""]}",R,n,n,690,y,y,n,n,,n,,,,,n,,,
442,1,Reflejo tus<c3><ad>geno entrev.,reflejoTusigenoENT,"{""options"":[""0=No"",""1=S\u00ed"",""99=ns\/nc""]}",R,n,n,700,y,y,n,n,,n,,,,,n,,,
443,1,Pupilas entrev.,pupilasENT,"{""options"":[""0=Isoc\u00f3ricas"",""1=Anisoc\u00f3ricas"",""99=ns\/nc""]}",R,n,n,710,y,y,n,n,,n,,,,,n,,,
445,1,Inestabilidad hemodin<c3><a1>m. entrev.,inestabilidadHemodinamica,"{""options"":[""0=No"",""1=S\u00ed"",""99=ns\/nc""]}",R,n,n,720,y,y,n,n,,n,,,,,n,,,
506,1,Otras contraindicaciones,otrasContrDonacion,"{""samerow"":1,""size"":0,""prepend"":"""",""append"":"""",""max"":0,""autocomplete"":""n"",""exact"":""n""}",t,n,n,310,n,y,n,n,,n,,,,,n,,,
446,1,Alteraci<c3><b3>n funci<c3><b3>n hep<c3><a1>t. entrev.,alteracionFuncionHepaticaENT,"{""options"":[""0=No"",""1=S\u00ed"",""99=ns\/nc""]}",R,n,n,730,y,y,n,n,,n,,,,,n,,,
447,1,Pa/Fi02 entrev.,paFi02ENT,"{""samerow"":1,""size"":0,""prepend"":"""",""append"":"""",""decimals"":0,""dec_point"":""."",""thousands"":"",""}",n,n,n,740,y,y,n,n,,n,,,,,n,,,
493,1,Otro lugar detec.,tipoDeHospitalDETOtro,"{""samerow"":1,""size"":0,""prepend"":"""",""append"":"""",""max"":0,""autocomplete"":""n"",""exact"":""n""}",t,n,n,450,n,y,n,n,,n,,,,,n,,,
450,1,Servicio entrev.,servicioENT,"{""options"":[""0=UCI"",""1=UCIES"",""2=UCO"",""3=Ictus"",""4=REA"",""5=Planta"",""6=Otro"",""99=ns\/nc""]}",d,n,n,640,y,y,n,n,,n,,,,,n,,,
451,1,Hospital entrev.,tipoDeHospitalENT,"{""options"":[""1=H. Gral"","" 2=H.Tx"","" 3=H.Mat"","" 4 = Otros""]}",d,n,n,620,y,y,n,n,,n,,,,,n,,,
494,1,Otro lugar entrev.,tipoDeHospitalENTOtro,"{""samerow"":1,""size"":0,""prepend"":"""",""append"":"""",""max"":0,""autocomplete"":""n"",""exact"":""n""}",t,n,n,630,n,y,n,n,,n,,,,,n,,,
452,1,Funci<c3><b3>n renal entrev.,creatinininaENT,"{""options"":[""0=R (Incremento de Crs mayor que 1.5 sobre el basal y\/o reducci\u00f3n de FG 25% y\/o menor que 0.5ml\/kg\/h en 6 horas)"",""1=I (Incremento de Crs mayor que 2 sobre el basal y\/o reducci\u00f3n de FG 50% y\/o menor que 0.5ml\/kg\/h en 12 horas)"",""2=F (Fallo: Incremento de Crs mayor que 3 sobre el basal y\/o reducci\u00f3n de FG 75% y\/o menor que 0.3ml\/kg\/h en 24 horas o anuria 12 horas)"",""3=L (P\u00e9rdida: Necesidad de TDE mayor que 4 semanas)"",""4=E (Enfermedad renal terminal: Necesidad de TDE mayor que 3 meses)"",""5=D (Tecnicas continuas de reemplazo renal)"",""6=NORMAL"",""99=ns\/nc""]}",R,n,n,750,y,y,n,n,,n,,,,,n,,,
453,1,Servicio alta,servicioEVO,"{""options"":[""0=UCI"",""1=UCIES"",""2=UCO"",""3=Ictus"",""4=Anestesia"",""5=Planta"",""6=Otro""]}",R,n,n,2540,n,y,n,n,,n,,,,,n,,,
454,1,Hospital alta,tipoDeHospitalEVO,"{""options"":[""1=H.General"",""2=H.Trauma."",""3=H.Maternoinf."",""4=Otro""]}",R,n,n,2520,n,y,n,n,,n,,,,,n,,,
456,1,DETECCI<c3><93>N,dETECCIN,"{""level"":2,""toggle"":""o""}",h,n,n,420,n,y,n,n,,n,,,,,n,,,
457,1,ENTREVISTA,eNTREVISTA,"{""level"":2,""toggle"":""o""}",h,n,n,590,n,y,n,n,,n,,,,,n,,,
511,1,AVC hem. Otro AVC hem.,aVCHemOtro,"{""samerow"":1,""size"":0,""prepend"":"""",""append"":"""",""max"":0,""autocomplete"":""n"",""exact"":""n""}",t,n,n,1650,n,y,n,n,,n,,,,,n,,,
458,1,Cama / Box,cama,"{""samerow"":1,""size"":0,""prepend"":"""",""append"":"""",""max"":0,""autocomplete"":""n"",""exact"":""n""}",t,n,n,390,n,y,n,n,,n,,,,,n,,,
459,1,Fecha entrevista previa,fechaEntrevistaPrevia,"{""datetime"":""dt"",""startyear"":""2001"",""endyear"":""2016"",""blankdate"":""blank""}",f,n,n,600,n,y,n,n,,n,,,,,n,,,
460,1,TCE Tipo lesi<c3><b3>n,lesion,"{""options"":[""1=S02: Fractura de huesos del craneo y de la cara"",""2=S061: Edema cerebral traumatico"",""3=S062: Traumatismo cerebral difuso"",""4=S063: Traumatismo cerebral focal"",""5=S064: Hemorragia epidural"",""6=S067: Hemorragia intracraneal con coma prolongado"",""7=S068: Otros traumatismos intracraneales"",""8=S069: Traumatismo intracraneal no especificado"",""9=Otros""]}",d,n,n,800,n,y,n,n,,n,,,,,n,,,
473,1,AVC isq. Tipo AVC isq.,aVC,"{""options"":[""1=I63: Infarto cerebral"",""2=I64: Accidente cerebrovascular agudo; no especificado como hemorr\u00e1gico o isqu\u00e9mico"",""3=I65: Oclusi\u00f3n y estenosis de las arterias precerebrales; sin ocasionar infarto cerebral"",""4=I66: Oclusi\u00f3n y estenosis de las arterias cerebrales; sin ocasionar infarto cerebral"",""5=Otros AVC""]}",d,n,n,1460,n,y,n,n,,n,,,,,n,,,
465,1,AVC hem. Tipo AVC hem.,aVChemorr,"{""options"":[""1=I61:Hemorragia intracraneal"",""2=I62:Otras hemorragias intracraneales no traum\u00e1ticas"",""3=I64:Accidente cerebrovascular agudo; no especificado como hemorr\u00e1gico"",""4=Otro""]}",d,n,n,1640,n,y,n,n,,n,,,,,n,,,
466,1,HSA I60 Hem. Subar.,i60,"{""options"":[""0=No"",""1=S\u00ed""]}",R,n,n,1780,n,y,n,n,,n,,,,,n,,,
467,1,AnoxToxMet. Anoxia Tipo,anoxiaVar,"{""options"":[""1= G931:Da\u00f1os cerebrales an\u00f3xicos"",""2=G935: Compresi\u00f3n del cerebro"",""3=G936: Edema cerebral""]}",d,n,n,1970,n,y,n,n,,n,,,,,n,,,
468,1,INF G00_G03_meningitis,g00G03,"{""options"":[""0=No"",""1=S\u00ed""]}",R,n,n,2230,n,y,n,n,,n,,,,,n,,,
469,1,INF Otras inf.,infOtros,"{""samerow"":1,""size"":0,""prepend"":"""",""append"":"""",""max"":0,""autocomplete"":""n"",""exact"":""n""}",t,n,n,2240,n,y,n,n,,n,,,,,n,,,
470,1,TUM Tumor Tipo,tumor,"{""options"":[""0=C71:Neoplasias malignas del cerebro"",""1=D33:Neoplasias benignas del cerebro y otras partes dels sistema"",""2=Otros""]}",d,n,n,2350,n,y,n,n,,n,,,,,n,,,
471,1,Sedado detec.,sedadoDET,"{""options"":[""0=No"",""1=S\u00ed"",""99=ns\/nc""]}",R,n,n,500,n,y,n,n,,n,,,,,n,,,
472,1,Sedado entrev.,sedadoENT,"{""options"":[""0=No"",""1=S\u00ed"",""99=ns\/nc""]}",R,n,n,680,n,y,n,n,,n,,,,,n,,,
477,1,AnoxToxMet. Tiempo hipotermia,tiempoHipotermia,"{""samerow"":1,""size"":0,""prepend"":"""",""append"":"""",""decimals"":0,""dec_point"":""."",""thousands"":"",""}",n,n,n,2170,n,y,n,n,,n,,,,,n,regex,"^[0]{1}$|^(?!0*[.,]0*$|[.,]0*$|0*$)\\d+[,.]?\\d{0,2}$",Tiene que ser un valor positivo
485,1,HSA Emboliz. fecha,5P_4HSAEmbolizFecha,"{""datetime"":""dt"",""startyear"":""2001"",""endyear"":""2016"",""blankdate"":""blank""}",f,n,n,1900,n,y,n,n,,n,,,,,n,,,
486,1,Donante organos Fecha,4_2DonanteOrganoFecha,"{""datetime"":""dt"",""startyear"":""2001"",""endyear"":""2016"",""blankdate"":""blank""}",f,n,n,2650,n,y,n,n,,n,,,,,n,,,
192,1,AVC hem. TAC (localizacion),h1_I3_I3_AVC_hemorrTAClocalizacion,"{""options"":[""1=ACM"",""2=ACA"",""3=ACP"",""4=VB""],""inputtype"":""m""}",M,n,n,1690,y,y,n,n,,n,,,,,n,,,
487,1,Hospital ingr. UCI,2LugarUCI,"{""options"":[""1=H.General"",""2=H.Trauma."",""3=H.Maternoinf.""]}",d,n,n,410,n,y,n,n,,n,,,,,n,,,
495,1,Otra etnia,etniaOtros,"{""samerow"":1,""size"":0,""prepend"":"""",""append"":"""",""max"":0,""autocomplete"":""n"",""exact"":""n""}",t,n,n,140,n,y,n,n,,n,,,,,n,,,
490,1,Otros t<c3><b3>xicos,habitosToxicosOtros,"{""samerow"":1,""size"":0,""prepend"":"""",""append"":"""",""max"":0,""autocomplete"":""n"",""exact"":""n""}",t,n,n,220,n,y,n,n,,n,,,,,n,,,
496,1,Otro servicio entrev.,servicioENTOtro,"{""samerow"":1,""size"":0,""prepend"":"""",""append"":"""",""max"":0,""autocomplete"":""n"",""exact"":""n""}",t,n,n,650,n,y,n,n,,n,,,,,n,,,
497,1,Servicio ingreso,servicioING,"{""options"":[""0=UCI"",""1=UCIES"",""2=UCO"",""3=Ictus"",""4=Anestesia"",""5=Planta"",""6=Otro""]}",d,n,n,370,n,y,n,n,,n,,,,,n,,,
498,1,Otro servicio ingr.,servicioINGOtro,"{""samerow"":1,""size"":0,""prepend"":"""",""append"":"""",""max"":0,""autocomplete"":""n"",""exact"":""n""}",t,n,n,380,n,y,n,n,,n,,,,,n,,,
499,1,TCE Otra lesi<c3><b3>n,lesionOtro,"{""samerow"":1,""size"":0,""prepend"":"""",""append"":"""",""max"":0,""autocomplete"":""n"",""exact"":""n""}",t,n,n,810,n,y,n,n,,n,,,,,n,,,
501,1,Otro DTC,3IDTCPatronOtro,"{""samerow"":1,""size"":0,""prepend"":"""",""append"":"""",""max"":0,""autocomplete"":""n"",""exact"":""n""}",t,n,n,1080,n,y,n,n,,n,,,,,n,,,
502,1,AVC isq. DTC Otro lugar oclusion,3I_2AVCIsqDTCLugarOclusionOtro,"{""samerow"":1,""size"":0,""prepend"":"""",""append"":"""",""max"":0,""autocomplete"":""n"",""exact"":""n""}",t,n,n,1590,n,y,n,n,,n,,,,,n,,,
503,1,HSA Otro TAC,3I_4HSATACFISHER_tro,"{""samerow"":1,""size"":0,""prepend"":"""",""append"":"""",""max"":0,""autocomplete"":""n"",""exact"":""n""}",t,n,n,1840,n,y,n,n,,n,,,,,n,,,
504,1,AnoxToxMet. Metabolica Otra,1L_5AnoxiaToxicOtro,"{""samerow"":1,""size"":0,""prepend"":"""",""append"":"""",""max"":0,""autocomplete"":""n"",""exact"":""n""}",t,n,n,2000,n,y,n,n,,n,,,,,n,,,
505,1,IOT Otro lugar,5PIOTSIDondeOtro,"{""samerow"":1,""size"":0,""prepend"":"""",""append"":"""",""max"":0,""autocomplete"":""n"",""exact"":""n""}",t,n,n,1290,n,y,n,n,,n,,,,,n,,,
514,1,TUM Otro tumor,3TumorTumorOtros,"{""samerow"":1,""size"":0,""prepend"":"""",""append"":"""",""max"":0,""autocomplete"":""n"",""exact"":""n""}",t,n,n,2360,n,y,n,n,,n,,,,,n,,,
518,1,Otro servicio alta,4EvoMejoraOtroServAlta,"{""samerow"":1,""size"":0,""prepend"":"""",""append"":"""",""max"":0,""autocomplete"":""n"",""exact"":""n""}",t,n,n,2550,n,y,n,n,,n,,,,,n,,,
516,1,TUM TAC Multiplicidad,3TumorOtrosImagenMultiplicidadLesion,"{""options"":[""0=Lesi\u00f3n \u00fanica"",""1=Lesi\u00f3n m\u00faltiple"",""99=ns\/nc""]}",R,n,n,2400,n,y,n,n,,n,,,,,n,,,
519,1,Hospital exitus,4EvoExitusHospital,"{""options"":[""1=H.General"",""2=H.Trauma."",""3=H.Maternoinf."",""4=Otro""]}",R,n,n,2590,n,y,n,n,,n,,,,,n,,,
520,1,Otro lugar exitus,4EvoExitusOtroLugar,"{""samerow"":1,""size"":0,""prepend"":"""",""append"":"""",""max"":0,""autocomplete"":""n"",""exact"":""n""}",t,n,n,2600,n,y,n,n,,n,,,,,n,,,
521,1,Servicio exitus,4EvoExitusOtroServ,"{""options"":[""0=UCI"",""1=UCIES"",""2=UCO"",""3=Ictus"",""4=Anestesia"",""5=Planta"",""6=Otro""]}",R,n,n,2610,n,y,n,n,,n,,,,,n,,,
522,1,Otro servicio exitus,4EvoExitusOtroServExitus,"{""samerow"":1,""size"":0,""prepend"":"""",""append"":"""",""max"":0,""autocomplete"":""n"",""exact"":""n""}",t,n,n,2620,n,y,n,n,,n,,,,,n,,,
523,1,Donante Organos Si Otros,4EvoExitusDonanteSiOtrosOrganos,"{""samerow"":1,""size"":0,""prepend"":"""",""append"":"""",""max"":0,""autocomplete"":""n"",""exact"":""n""}",t,n,n,2670,n,y,n,n,,n,,,,,n,,,
524,1,Donante tejidos SI Otros,4EvoExitusDonanteTejSiOtros,"{""samerow"":1,""size"":0,""prepend"":"""",""append"":"""",""max"":0,""autocomplete"":""n"",""exact"":""n""}",t,n,n,2720,n,y,n,n,,n,,,,,n,,,
526,1,ETIOLOGIA,eTIOLOGIA,,h,n,n,760,n,y,n,n,,,,,,,n,,,
527,1,HSA Variables Cl<c3><ad>nicas,hSAVariablesClNicas,"{""level"":3,""toggle"":""o""}",h,n,n,1790,n,y,n,n,,n,,,,,n,,,
528,1,HSA Imagen,hSAImagen,"{""level"":3,""toggle"":""o""}",h,n,n,1820,n,y,n,n,,n,,,,,n,,,
529,1,HSA Procedimiento,hSAProcedimiento,"{""level"":3,""toggle"":""o""}",h,n,n,1880,n,y,n,n,,n,,,,,n,,,
530,1,AnoxToxMet. Variables Cl<c3><ad>nicas,aNOXIAVariablesClNicas,"{""level"":3,""toggle"":""o""}",h,n,n,2060,n,y,n,n,,n,,,,,n,,,
531,1,AnoxToxMet.,aNOXIA,"{""level"":2,""toggle"":""o""}",h,n,n,1950,n,y,n,n,,n,,,,,n,,,
532,1,AnoxToxMet. Imagen ,aNOXIAImagen,"{""level"":3,""toggle"":""o""}",h,n,n,2080,n,y,n,n,,n,,,,,n,,,
533,1,AnoxToxMet. Laboratorio,aNOXIALaboratorio,"{""level"":3,""toggle"":""o""}",h,n,n,2130,n,y,n,n,,n,,,,,n,,,
534,1,AnoxToxMet. Procedimientos,aNOXIAProcedimientos,"{""level"":3,""toggle"":""o""}",h,n,n,2150,n,y,n,n,,n,,,,,n,,,
535,1,INFECCI<c3><93>N,iNFECCIN,"{""level"":2,""toggle"":""o""}",h,n,n,2180,n,y,n,n,,n,,,,,n,,,
536,1,INF Lesi<c3><b3>n,iNFLesiN,"{""level"":3,""toggle"":""o""}",h,n,n,2190,n,y,n,n,,n,,,,,n,,,
537,1,INF Variables Cl<c3><ad>nicas,iNFVariablesClNicas,"{""level"":3,""toggle"":""o""}",h,n,n,2250,n,y,n,n,,n,,,,,n,,,
538,1,INF Imagen,iNFImagen,"{""level"":3,""toggle"":""o""}",h,n,n,2270,n,y,n,n,,n,,,,,n,,,
539,1,INF Procedimientos,iNFProcedimientos,"{""level"":3,""toggle"":""o""}",h,n,n,2300,n,y,n,n,,n,,,,,n,,,
540,1,TUMOR/OTROS,tUMOROTROS,"{""level"":2,""toggle"":""o""}",h,n,n,2330,n,y,n,n,,n,,,,,n,,,
541,1,TUM Lesi<c3><b3>n,tUMLesiN,"{""level"":3,""toggle"":""o""}",h,n,n,2340,n,y,n,n,,n,,,,,n,,,
542,1,TUM Imagen,tUMImagen,"{""level"":3,""toggle"":""o""}",h,n,n,2380,n,y,n,n,,n,,,,,n,,,
543,1,TUM Procedimientos,tUMProcedimientos,"{""level"":3,""toggle"":""o""}",h,n,n,2430,n,y,n,n,,n,,,,,n,,,
545,1,Mejora,mejora,"{""level"":2,""toggle"":""o""}",h,n,n,2480,n,y,n,n,,n,,,,,n,,,
546,1,Exitus,exitus,"{""level"":2,""toggle"":""o""}",h,n,n,2570,n,y,n,n,,n,,,,,n,,,
547,1,AnoxToxMet. Lesi<c3><b3>n,aNOXIALesiN,"{""level"":3,""toggle"":""o""}",h,n,n,1960,n,y,n,n,,n,,,,,n,,,
548,1,TUM Otro No Tumor,3EtiolTumorOtrosOtroNoTumor,"{""samerow"":1,""size"":0,""prepend"":"""",""append"":"""",""max"":0,""autocomplete"":""n"",""exact"":""n""}",t,n,n,2370,n,y,n,n,,n,,,,,n,,,
550,1,AnoxToxMet. Exogena Tipo,3AnoxToxMetExogena,"{""options"":[""1=Depressores SNC"",""2=T\u00f3xicos \u00e1cidos (etilenglicol; metanol etc...)"",""3=Otros""]}",d,n,n,2020,n,y,n,n,,n,,,,,n,,,
551,1,AnoxToxMet. Otra Exogena,3AnoxToxMetOtraExogena,"{""samerow"":1,""size"":0,""prepend"":"""",""append"":"""",""max"":0,""autocomplete"":""n"",""exact"":""n""}",t,n,n,2030,n,y,n,n,,n,,,,,n,,,
552,1,AnoxToxMet. Temperatura Tipo,3AnoxToxMetTemperatura,"{""options"":[""1=Hipotermia"",""2=Hipertermia""]}",d,n,n,2040,n,y,n,n,,n,,,,,n,,,
553,1,AnoxToxMet. Otras alteraciones,3AnoxToxMetOtrasAlteraciones,"{""samerow"":1,""size"":0,""prepend"":"""",""append"":"""",""max"":0,""autocomplete"":""n"",""exact"":""n""}",t,n,n,2050,n,y,n,n,,n,,,,,n,,,
